"Parameter","Parameter Code","Method Code","Recording Mode","Collection Description","Analysis Description","Method Type","Reference Method ID","Equivalent Method","Federal MDL","Min Value","Max Value","Digits","Round Truncate Indicator","Units"
"Carbon monoxide","42101","008","Continuous","INSTRUMENTAL","NONDISPERSIVE INFRARED","FRM","RFCA-0276-008","BENDIX 8501-5CA",0.5,-0.4,50.0,1,"R","Parts per million"
"Carbon monoxide","42101","011","Continuous","INSTRUMENTAL","NONDISPERSIVE INFRARED",,,,0.5,-0.4,50.0,1,"R","Parts per million"
"Carbon monoxide","42101","012","Continuous","INSTRUMENTAL","NONDISPERSIVE INFRARED","FRM","RFCA-0876-012","BECKMAN 866",0.5,-0.4,50.0,1,"R","Parts per million"
"Carbon monoxide","42101","013","Continuous","INSTRUMENTAL","DETECTION TUBE",,,,5.0,-0.4,50.0,0,"R","Parts per million"
"Carbon monoxide","42101","014","Continuous","INSTRUMENTAL","DUAL ISOTOPE FLORESCENCE",,,,0.4,-0.4,50.0,1,"R","Parts per million"
"Carbon monoxide","42101","018","Continuous","INSTRUMENTAL","NONDISPERSIVE INFRARED","FRM","RFCA-0177-018","MSA  202S",0.5,-0.4,50.0,1,"R","Parts per million"
"Carbon monoxide","42101","021","Continuous","INSTRUMENTAL","GAS CHROMATOGRAPHIC",,,,0.5,-0.4,50.0,1,"R","Parts per million"
"Carbon monoxide","42101","033","Continuous","INSTRUMENTAL","NONDISPERSIVE INFRARED","FRM","RFCA-1278-033","HORIBA AQM-10--11--12",0.5,-0.4,50.0,1,"R","Parts per million"
"Carbon monoxide","42101","041","Continuous","INSTRUMENTAL","NONDISPERSIVE INFRARED","FRM","RFCA-0979-041","MONITOR LABS 8310",0.5,-0.4,50.0,1,"R","Parts per million"
"Carbon monoxide","42101","048","Continuous","INSTRUMENTAL","NONDISPERSIVE INFRARED","FRM","RFCA-1180-048","HORIBA 300E/300SE",0.5,-0.4,50.0,1,"R","Parts per million"
"Carbon monoxide","42101","050","Continuous","INSTRUMENTAL","NONDISPERSIVE INFRARED","FRM","RFCA-1280-050","MASS-CO 1 (MASSACHUSETTS)",0.5,-0.4,50.0,1,"R","Parts per million"
"Carbon monoxide","42101","051","Continuous","INSTRUMENTAL","NONDISPERSIVE INFRARED","FRM","RFCA-0381-051","DASIBI 3003",0.5,-0.4,50.0,1,"R","Parts per million"
"Carbon monoxide","42101","054","Continuous","INSTRUMENTAL","NONDISPERSIVE INFRARED","FRM","RFCA-0981-054","THERMO ELECTRON 48, 48C, 48i",0.5,-0.4,50.0,1,"R","Parts per million"
"Carbon monoxide","42101","055","Continuous","INSTRUMENTAL","Gas Filter Correlation Thermo Electron 48C-TL",,,,0.02,-0.4,50.0,3,"R","Parts per million"
"Carbon monoxide","42101","066","Continuous","INSTRUMENTAL","NONDISPERSIVE INFRARED","FRM","RFCA-0388-066","MONITOR LABS 8830",0.5,-0.4,50.0,1,"R","Parts per million"
"Carbon monoxide","42101","067","Continuous","INSTRUMENTAL","NONDISPERSIVE INFRARED","FRM","RFCA-0488-067","DASIBI 3008",0.5,-0.4,50.0,1,"R","Parts per million"
"Carbon monoxide","42101","088","Continuous","INSTRUMENTAL","NONDISPERSIVE INFRARED PHOTOMETRY","FRM","RFCA-0992-088","LEAR SIEGLER MODEL ML 9830",0.5,-0.4,50.0,1,"R","Parts per million"
"Carbon monoxide","42101","093","Continuous","INSTRUMENTAL","GAS FILTER CORRELATION CO ANALYZER","FRM","RFCA-1093-093","API MODEL 300 GAS FILTER",0.5,-0.4,50.0,1,"R","Parts per million"
"Carbon monoxide","42101","106","Continuous","INSTRUMENTAL","NONDISPERSIVE INFRARED PHOTOMETRY","FRM","RFCA-0895-106","HORIBA INSTR. MODEL APMA-360",0.5,-0.4,50.0,1,"R","Parts per million"
"Carbon monoxide","42101","108","Continuous","INSTRUMENTAL","ENVIORNMENT SA MODEL CO11M","FRM","RFCA-0995-108","ENVIRONMENT SA MODEL CO11M",0.5,-0.4,50.0,1,"R","Parts per million"
"Carbon monoxide","42101","130","Continuous","LGR (Los GAtos Research","Off-Axis ICOS Cavity Ringdown Spectroscopy",,,,5.0e-05,-0.4,,1,"R","Parts per million"
"Carbon monoxide","42101","147","Continuous","INSTRUMENTAL","NONDISPERSIVE INFRARED PHOTOMETRY","FRM","RFCA-0206-147","Environnement S.A. Model CO12M Co Analyzer",0.5,-0.4,50.0,1,"R","Parts per million"
"Carbon monoxide","42101","158","Continuous","INSTRUMENTAL","NONDISPERSIVE INFRARED PHOTOMETRY","FRM","RFCA-0506-158","HORIBA INSTR. MODEL APMA-370",0.5,-0.4,50.0,1,"R","Parts per million"
"Carbon monoxide","42101","167","Continuous","Instrumental","Nondispersive Infrered Photometry","FRM","RFCA-0907-167","DKK-TOA Cork Mode GFC-311E",0.5,-0.4,50.0,1,"R","Parts per million"
"Carbon monoxide","42101","172","Continuous","Instrumental","Nondispersive Infrered Photometry","FRM","RFCA-0708-172","SIR S.A. Model S-5006",0.5,-0.4,50.0,1,"R","Parts per million"
"Carbon monoxide","42101","174","Continuous","Instrumental","Nondispersive Infrered Photometry","FRM","RFCA-0509-174","Ecotech Serinus 30",0.5,-0.4,50.0,1,"R","Parts per million"
"Carbon monoxide","42101","554","Continuous","INSTRUMENTAL","Gas Filter Correlation Thermo Electron 48i-TLE","FRM","RFCA-0981-054","Thermo 48i TLE",0.04,-0.4,50.0,3,"R","Parts per million"
"Carbon monoxide","42101","562","Continuous","INSTRUMENTAL","LOS GANTOS RESEARCH",,,,5.0e-05,-0.4,,3,"R","Parts per million"
"Carbon monoxide","42101","588","Continuous","INSTRUMENTAL","Gas Filter Correlation Ecotech EC9830T","FRM","RFCA-0992-088","Ecotech EC9830T",0.02,-0.4,50.0,3,"R","Parts per million"
"Carbon monoxide","42101","593","Continuous","INSTRUMENTAL","Gas Filter Correlation Teledyne API 300 EU","FRM","RFCA-1093-093","API Model 300 EU",0.02,-0.4,50.0,3,"R","Parts per million"
"Carbon monoxide","42101","594","Continuous","INSTRUMENTAL","Nondispersive Infrered Photometry","FRM","RFCA-1093-093","API Model 300 EU",0.02,-0.4,50.0,3,"R","Parts per million"
"Lead (TSP) LC","14129","043","Intermittent","Hi-Vol","Atomic Absorption (AA) Alt. Extr; 1.03M HNO3/2.23MHCl sonicate 50 min. at 100C","FEM","EQL-0380-043","Pb-TSP/AA (Alt. Extr)",0.02,0.0,100.0,3,"T","Micrograms/cubic meter (LC)"
"Lead (TSP) LC","14129","044","Intermittent","Hi-Vol","Flameless Atomic absorption (GFAA) EPA; 3 extraction options: (a) 2.6M HNO3 sonicate 30 min no heat, (b) 2.6M HNO3/.9MHC","FEM","EQL-0380-044","Pb-TSP/FLAMELESS-AA (EPA)",0.002,0.0,100.0,3,"T","Micrograms/cubic meter (LC)"
"Lead (TSP) LC","14129","045","Intermittent","Hi-Vol","Emission Spectra ICAP (ICP-OES) EPA 1.03M HNO3/2.23M HCl sonicate 50 min at 100C","FEM","EQL-0380-045","Pb-TSP/ICAP SPECTRA (EPA)",0.0045,0.0,100.0,3,"T","Micrograms/cubic meter (LC)"
"Lead (TSP) LC","14129","052","Intermittent","HI-VOL","X-RAY FLUORESCENCE","FEM","EQL-0581-052","WAVE LENGTH DISP XRF",0.02,0.0,100.0,3,"T","Micrograms/cubic meter (LC)"
"Lead (TSP) LC","14129","057","Intermittent","HI-VOL","EMISSION SPECTRA ICAP","FEM","EQL-0483-057","ICAP SPECTRA (MONTANA)",0.02,0.0,100.0,3,"T","Micrograms/cubic meter (LC)"
"Lead (TSP) LC","14129","058","Intermittent","HI-VOL","X-RAY FLUORESCENCE","FEM","EQL-0783-058","ENERGY-DISP XRF",0.03,0.0,100.0,3,"T","Micrograms/cubic meter (LC)"
"Lead (TSP) LC","14129","059","Intermittent","HI-VOL","FLAMELESS ATOMIC ABSORPTION (GFAA)","FEM","EQL-0785-059","Pb-TSP/FLAMELESS AA",0.0078,0.0,100.0,3,"T","Micrograms/cubic meter (LC)"
"Lead (TSP) LC","14129","068","Intermittent","HI-VOL","EMISSION SPECTRA ICAP","FEM","EQL-0888-068","ICAP SPECTRA (RHODE ISLAND)",0.06,0.0,100.0,3,"T","Micrograms/cubic meter (LC)"
"Lead (TSP) LC","14129","069","Intermittent","HI-VOL","EMISSION SPECTRA ICAP","FEM","EQL-1188-069","ICAP SPECTRA (NE & T)",0.01,0.0,100.0,3,"T","Micrograms/cubic meter (LC)"
"Lead (TSP) LC","14129","070","Intermittent","HI-VOL","EMISSION SPECTRA ICAP","FEM","EQL-1288-070","ICAP SPECTRA (S.V.LABS)",0.01,0.0,100.0,3,"T","Micrograms/cubic meter (LC)"
"Lead (TSP) LC","14129","072","Intermittent","HI-VOL","X-RAY FLUORESCENCE (EDXRF)","FEM","EQL-0589-072","Pb-TSP/ENERGY-DISP XREF",0.07,0.0,100.0,3,"T","Micrograms/cubic meter (LC)"
"Lead (TSP) LC","14129","080","Intermittent","HI-VOL","EMISSION SPECTRA ICAP","FEM","EQL-1290-080","ICAP SPECTRA (NEW HAMPSHIRE)",0.01,0.0,100.0,3,"T","Micrograms/cubic meter (LC)"
"Lead (TSP) LC","14129","085","Intermittent","Hi-Vol","Emission Spectra ICAP (ICP-OES) No extr info","FEM","EQL-0592-085","Pb-TSP/ICAP SPECTRA (EPA)",0.01,0.0,100.0,3,"T","Micrograms/cubic meter (LC)"
"Lead (TSP) LC","14129","086","Intermittent","Hi-Vol","Emission Spectra ICAP (ICP-OES); 1.03MHNO3/2.23MHCl sonicate 50 min at100C","FEM","EQL-0592-086","Pb-TSP/ICAP SPECTRA (EPA)",0.0036,0.0,100.0,3,"T","Micrograms/cubic meter (LC)"
"Lead (TSP) LC","14129","094","Intermittent","HI-VOL","EMISSION SPECTRA ICAP","FEM","EQL-1193-094","HI-VOL/ICAP SPECT. (ILLINOIS)",0.01,0.0,100.0,3,"T","Micrograms/cubic meter (LC)"
"Lead (TSP) LC","14129","096","Intermittent","HI-VOL","EMISSION SPECTRA ICAP","FEM","EQL-0694-096","HI-VOL ICAP SPECT (WV)",0.002,0.0,100.0,3,"T","Micrograms/cubic meter (LC)"
"Lead (TSP) LC","14129","107","Intermittent","Hi-Vol","Flameless Atomic absorption (GFAA); 3M HNO3 Boil 30 min","FEM","EQL-0895-107","PB-TSP/FLAMELESS AA",0.0075,0.0,100.0,3,"T","Micrograms/cubic meter (LC)"
"Lead (TSP) LC","14129","109","Intermittent","HI-VOL","ICAP SPECTRA","FEM","EQL-0995-109","HI-VOL/ICAP SPECT.",0.01,0.0,100.0,3,"T","Micrograms/cubic meter (LC)"
"Lead (TSP) LC","14129","110","Intermittent","Hi-Vol","ICAP SPECTRA (ICP-MS); 0.45M HNO3 Boil30 min","FEM","EQL-0995-110","Pb-TSP/ICAP SPECTRA (ICP-MS)",0.0075,0.0,100.0,3,"T","Micrograms/cubic meter (LC)"
"Lead (TSP) LC","14129","113","Intermittent","Hi-Vol","Emission Spectra ICAP (ICP-OES); 3M HNO3 Boil 30 min","FEM","EQL-0196-113","Pb-TSP/ICAP SPECTRA (ICP-OES)",0.0075,0.0,100.0,3,"T","Micrograms/cubic meter (LC)"
"Lead (TSP) LC","14129","140","Intermittent","Hi-Vol","Emission Spectra ICAP (ICP-AES); 6:3:1 DI water:HCl:HNO3 microwave 95C; add DI water sonicate 30 min; sit overnight","FEM","EQL-0400-140","Pb-TSP/ICAP SPECTRA (ICP-AES)",0.0075,0.0,100.0,3,"T","Micrograms/cubic meter (LC)"
"Lead (TSP) LC","14129","189","Intermittent","Hi-Vol","ICP-MS  Extracted on a hot plate with 3M HNO3 according to refrn methd.  SW-846 Meth 6020A","FEM","EQL-0310-189","Pb-TSP/ICAP SPECTRA (ICP-MS)",0.0075,0.0,100.0,3,"T","Micrograms/cubic meter (LC)"
"Lead (TSP) LC","14129","191","Intermittent","Hi-Vol","Inductively Coupled Plasma-Mass Spectrometry Acid filter extraction with nitric and hydrochloric acid","FEM","EQL-0510-191","Pb-TSP/ICP SPECTRA (ICP-MS)",2.0e-05,0.0,100.0,3,"T","Micrograms/cubic meter (LC)"
"Lead (TSP) LC","14129","192","Intermittent","Hi-Vol","Inductively Coupled Plasma-Mass Spectrometry Acid filter extract with hot nitric acid","FEM","EQL-0710-192","Pb-TSP/ICP SPECTRA (ICP-MS)",0.0075,0.0,100.0,3,"T","Micrograms/cubic meter (LC)"
"Lead (TSP) LC","14129","193","Intermittent","Hi-Vol","ICP-MS","FEM","EQL-0512-201","ICP-MS (ERG)",0.0075,0.0,100.0,3,"T","Micrograms/cubic meter (LC)"
"Lead (TSP) LC","14129","196","Intermittent","HI-VOL","HEATED ULTRASONIC HNO3/HCL EXTRACTION WITH ICP-AES","FEM","EQL-0311-196",,0.0075,0.0,100.0,3,"T","Micrograms/cubic meter (LC)"
"Lead (TSP) LC","14129","803","Intermittent","Hi-Vol","Atomic Absorption (AA); 2.6M HNO3/0.9M HCl or 0.45 HNO3 Boil 30 min","FEM","EQLA-813-803","Pb-TSP/AA (FRM)",0.0075,-0.0075,100.0,3,"T","Micrograms/cubic meter (LC)"
"Lead (TSP) LC","14129","813","Intermittent","HI-VOL","ICP-MS  FRM; Heated ultrasonic 1.03M HNO3/2.23M HCl or Hot block 1:19 v/v HNO3","FRM","RFLA-0813-813","Pb-TSP/AA (FRM)",0.0002,0.0,100.0,3,"T","Micrograms/cubic meter (LC)"
"Lead PM10 LC FRM/FEM","85129","202","Intermittent","R&P Model 2000 PM10 Teflon","ICP/MS","FEM","EQL-0512-202","Teflon filters + ICP/MS (ERG)",0.0008,,,4,"T","Micrograms/cubic meter (LC)"
"Lead PM10 LC FRM/FEM","85129","804","Intermittent","Andersen RASS10-100 PM10","X-ray Fluorescence (EDXRF) FRM","FRM","RFPS-0699-130 and RFLQ-1108-804","Andersen RAAS10-100 PM10",0.001,0.0,100.0,3,"T","Micrograms/cubic meter (LC)"
"Lead PM10 LC FRM/FEM","85129","805","Intermittent","Andersen RASS10-200 PM10","X-ray Fluorescence (EDXRF) FRM","FRM","RFPS-0699-131 and RFLQ-1108-804","Andersen RAAS10-200 PM10",0.001,0.0,100.0,3,"T","Micrograms/cubic meter (LC)"
"Lead PM10 LC FRM/FEM","85129","806","Intermittent","Andersen RASS10-300 PM10","X-ray Fluorescence (EDXRF) FRM","FRM","RFPS-0699-132 and RFLQ-1108-804","Andersen RAAS10-300 PM10",0.001,0.0,100.0,3,"T","Micrograms/cubic meter (LC)"
"Lead PM10 LC FRM/FEM","85129","807","Intermittent","BGI PQ100 PM10","X-ray Fluorescence (EDXRF) FRM","FRM","RFPS-1298-124 and RFLQ-1108-804","BGI PQ100 PM10",0.001,0.0,100.0,3,"T","Micrograms/cubic meter (LC)"
"Lead PM10 LC FRM/FEM","85129","808","Intermittent","BGI PQ200 PM10","X-ray Fluorescence (EDXRF) FRM","FRM","RFPS-1298-125 and RFLQ-1108-804","BGI PQ200 PM10",0.001,0.0,100.0,3,"T","Micrograms/cubic meter (LC)"
"Lead PM10 LC FRM/FEM","85129","809","Intermittent","Thermo/R & P Partisol 2000 PM10 FRM","X-ray Fluorescence (EDXRF) FRM","FRM","RFPS-1298-126 and RFLQ-1108-804","Thermo/R & P Partisol 2000 PM10 FRM",0.001,0.0,100.0,3,"T","Micrograms/cubic meter (LC)"
"Lead PM10 LC FRM/FEM","85129","810","Intermittent","Thermo/R & P Partisol 2000 PM10 Air Sampler","X-ray Fluorescence (EDXRF) FRM","FRM","RFPS-0694-098 and RFLQ-1108-804","Thermo/R & P Partisol 2000 PM10 Air Sampler",0.001,0.0,100.0,3,"T","Micrograms/cubic meter (LC)"
"Lead PM10 LC FRM/FEM","85129","811","Intermittent","Thermo/R & P 2025 PM10","X-ray Fluorescence (EDXRF) FRM","FRM","RFPS-1298-127 and RFLQ-1108-804","Thermo/R & P 2025 PM10",0.001,0.0,100.0,3,"T","Micrograms/cubic meter (LC)"
"Lead PM10 LC FRM/FEM","85129","907","Intermittent","Thermo/R & P 2025 Teflon","ICPMS","FEM","EQL-0512-202",,0.0008,,,4,"T","Micrograms/cubic meter (LC)"
"Nitrogen dioxide (NO2)","42602","010","Intermittent","Integrated Passive Monitor","Ion Chromatography",,,,0.1,-5.0,400.0,1,"T","Parts per billion"
"Nitrogen dioxide (NO2)","42602","011","Continuous","INSTRUMENTAL","COLORIMETRIC-LYSHKOW (MOD)",,,,10.0,-5.0,400.0,1,"T","Parts per billion"
"Nitrogen dioxide (NO2)","42602","012","Continuous","INSTRUMENTAL","COLORIMETRIC-GRIESS-SALTZMAN",,,,10.0,-5.0,400.0,1,"T","Parts per billion"
"Nitrogen dioxide (NO2)","42602","013","Continuous","INSTRUMENTAL","COULOMETRIC",,,,10.0,-5.0,400.0,1,"T","Parts per billion"
"Nitrogen dioxide (NO2)","42602","014","Continuous","INSTRUMENTAL","CHEMILUMINESCENCE",,,,5.0,-5.0,400.0,1,"T","Parts per billion"
"Nitrogen dioxide (NO2)","42602","016","Continuous","INSTRUMENTAL","POLAND NO2 METHOD",,,,10.0,-5.0,400.0,1,"T","Parts per billion"
"Nitrogen dioxide (NO2)","42602","021","Continuous","INSTRUMENTAL","CHEMILUMINESCENCE","FRM","RFNA-0677-021","MONITOR LABS 8440E",5.0,-5.0,400.0,1,"T","Parts per billion"
"Nitrogen dioxide (NO2)","42602","022","Continuous","INSTRUMENTAL","CHEMILUMINESCENCE","FRM","RFNA-0777-022","BENDIX 8101-C",5.0,-5.0,400.0,1,"T","Parts per billion"
"Nitrogen dioxide (NO2)","42602","025","Continuous","INSTRUMENTAL","CHEMILUMINESCENCE","FRM","RFNA-0977-025","CSI 1600",5.0,-5.0,400.0,1,"T","Parts per billion"
"Nitrogen dioxide (NO2)","42602","031","Continuous","INSTRUMENTAL","CHEMILUMINESCENCE","FRM","RFNA-1078-031","MELOY NA530R",5.0,-5.0,400.0,1,"T","Parts per billion"
"Nitrogen dioxide (NO2)","42602","034","Continuous","INSTRUMENTAL","CHEMILUMINESCENCE","FRM","RFNA-0179-034","BECKMAN 952A",5.0,-5.0,400.0,1,"T","Parts per billion"
"Nitrogen dioxide (NO2)","42602","035","Continuous","INSTRUMENTAL","CHEMILUMINESCENCE","FRM","RFNA-0179-035","THERMO ELECTRON 14B/E",5.0,-5.0,400.0,1,"T","Parts per billion"
"Nitrogen dioxide (NO2)","42602","037","Continuous","INSTRUMENTAL","CHEMILUMINESCENCE","FRM","RFNA-0279-037","THERMO ELECTRON 14D/E",5.0,-5.0,400.0,1,"T","Parts per billion"
"Nitrogen dioxide (NO2)","42602","038","Continuous","INSTRUMENTAL","CHEMILUMINESCENCE","FRM","RFNA-0479-038","BENDIX 8101-B",5.0,-5.0,400.0,1,"T","Parts per billion"
"Nitrogen dioxide (NO2)","42602","040","Continuous","INSTRUMENTAL","CHEMILUMINESCENCE","FRM","RFNA-0879-040","PHILIPS PW9762/02",5.0,-5.0,400.0,1,"T","Parts per billion"
"Nitrogen dioxide (NO2)","42602","042","Continuous","INSTRUMENTAL","CHEMILUMINESCENCE","FRM","RFNA-0280-042","MONITOR LABS 8840",5.0,-5.0,400.0,1,"T","Parts per billion"
"Nitrogen dioxide (NO2)","42602","074","Continuous","INSTRUMENTAL","CHEMILUMINESCENCE","FRM","RFNA-1289-074","THERMO ENVIRON. INST. MODEL 42",1.0,-5.0,400.0,1,"T","Parts per billion"
"Nitrogen dioxide (NO2)","42602","082","Continuous","INSTRUMENTAL","CHEMILUMINESCENCE","FRM","RFNA-0691-082","ADVANCED POLL INSTR MODEL 200",5.0,-5.0,400.0,1,"T","Parts per billion"
"Nitrogen dioxide (NO2)","42602","083","Continuous","INSTRUMENTAL","CHEMILUMINESCENCE","FRM","RFNA-0991-083","MONITOR LABS 8841",5.0,-5.0,400.0,1,"T","Parts per billion"
"Nitrogen dioxide (NO2)","42602","089","Continuous","INSTRUMENTAL","GAS-PHASE CHEMILUMINESCENCE","FRM","RFNA-1192-089","DASIBI EC MODEL 2108",5.0,-5.0,400.0,1,"T","Parts per billion"
"Nitrogen dioxide (NO2)","42602","090","Continuous","INSTRUMENTAL","GAS-PHASE CHEMILUMINESCENCE","FRM","RFNA-1292-090","ECOTECH/LEAR SIEGLER MCC ML9841",5.0,-5.0,400.0,1,"T","Parts per billion"
"Nitrogen dioxide (NO2)","42602","091","Intermittent","GAS BUBBLER","SALTZMAN (100ML TUBE+ORIFICE)",,,,2.7,-5.0,400.0,1,"T","Parts per billion"
"Nitrogen dioxide (NO2)","42602","094","Intermittent","GAS-BUBBLER","NASN SODIUM ARSENITE - FRIT",,,,2.7,-5.0,400.0,1,"T","Parts per billion"
"Nitrogen dioxide (NO2)","42602","095","Intermittent","GAS-BUBBLER","TEA METHOD - FRIT",,,,2.7,-5.0,400.0,1,"T","Parts per billion"
"Nitrogen dioxide (NO2)","42602","096","Intermittent","GAS-BUBBLER","TGS METHOD - FRIT",,,,2.7,-5.0,400.0,1,"T","Parts per billion"
"Nitrogen dioxide (NO2)","42602","097","Intermittent","GAS-BUBBLER","TEA METHOD - ORIFICE",,,,2.7,-5.0,400.0,1,"T","Parts per billion"
"Nitrogen dioxide (NO2)","42602","099","Continuous","INSTRUMENTAL","GAS PHASE CHEMILUMINESCENCE","FRM","RFNA-1194-099","API MODEL 200A/E NO ANALYZER",2.7,-5.0,400.0,1,"T","Parts per billion"
"Nitrogen dioxide (NO2)","42602","102","Continuous","INSTRUMENTAL","OPEN PATH NO ANALYZER","FEM","EQNA-0495-102","OPSIS MODEL AR 500 SYSTEM",1.0,-5.0,400.0,1,"T","Parts per billion"
"Nitrogen dioxide (NO2)","42602","104","Continuous","INSTRUMENTAL","GAS PHASE CHEMILUMINESCENCE","FRM","RFNA-0795-104","ENV.SA MODEL AC 31M NO",5.0,-5.0,400.0,1,"T","Parts per billion"
"Nitrogen dioxide (NO2)","42602","111","Continuous","INSTRUMENTAL","CHEMILUMINESCENCE","FRM","RFNA-0196-111","HORIBA APNA-360",5.0,-5.0,400.0,1,"T","Parts per billion"
"Nitrogen dioxide (NO2)","42602","121","Continuous","INSTRUMENTAL","CHEMILUMINESCENCE","FRM","RFNA-0798-121","DDK CORP MODEL GLN-114E",5.0,-5.0,400.0,1,"T","Parts per billion"
"Nitrogen dioxide (NO2)","42602","139","Continuous","Instrumental","Open Path NO2 Analyzer","FEM","EQNA-0400-139","SANOA Longpath",1.0,-5.0,400.0,1,"T","Parts per billion"
"Nitrogen dioxide (NO2)","42602","146","Continuous","E. S. A. Model AC32M","Chemiluminescent","FRM","RFNA-0202-146","Environnement S. A. Model AC32M Chem NOX Analyzer",1.0,-5.0,400.0,1,"T","Parts per billion"
"Nitrogen dioxide (NO2)","42602","152","Continuous","Instrumental","Chemiluminescent","FRM","RFNA-0804-152","SIR S.A. Model S-5012",5.0,-5.0,400.0,1,"T","Parts per billion"
"Nitrogen dioxide (NO2)","42602","157","Continuous","Instrumental","Chemiluminescence","FRM","RFNA-0506-157","HORIBA APNA-370",5.0,-5.0,400.0,1,"T","Parts per billion"
"Nitrogen dioxide (NO2)","42602","163","Continuous","Instrumental","Chemiluminescence","FRM","RFNA-0706-163","Seres Model NOx 2000 G",5.0,-5.0,400.0,1,"T","Parts per billion"
"Nitrogen dioxide (NO2)","42602","171","Continuous","Instrumental","Chemiluminescence","FRM","RFNA-0508-171","DKK-TOA Corp Model GLN-314E",5.0,-5.0,1200.0,1,"T","Parts per billion"
"Nitrogen dioxide (NO2)","42602","186","Continuous","Instrumental","Chemiluminescence","FRM","RFNA-0809-186","Ecotech Serinus 40 Oxides of Nitrogen Analyzer",5.0,-5.0,500.0,1,"T","Parts per billion"
"Nitrogen dioxide (NO2)","42602","200","Continuous","Teledyne-API Model 200EUP or T200UP","Photolytic-Chemiluminescence","FEM","EQNA-0512-200","Teledyne API Chemiluminescence Nitrogen Oxides Analyzer Automated",0.1,-5.0,2000.0,1,"T","Parts per billion"
"Nitrogen dioxide (NO2)","42602","210","Continuous","Environnement S.A. Model AS32M ","Cavity Attenuated Phase Shift Spectroscopy ","FEM","EQNA-1013-210","Environnement S.A. Model AS32M Nitrogen Dioxide Analyzer Automated ",0.04,-5.0,1000.0,1,"T","Parts per billion"
"Nitrogen dioxide (NO2)","42602","212","Continuous","Teledyne Model T500U","Cavity Attenuated Phase Shift Spectroscopy","FEM","EQNA-0514-212","Teledyne Advanced Pollution Instrumentation, Model T500U cavity attenuated phase shift spectroscopy Nitrogen Dioxide Ana",0.04,-5.0,1000.0,1,"T","Parts per billion"
"Nitrogen dioxide (NO2)","42602","241","Continuous","Teledyne-API Model T200P Chemiluminescence","Photolytic-Chemiluminescence","FEM","EQNA-1016-241","Teledyne API Chemiluminescence Nitrogen Oxides Analyzer Automated",0.4,-5.0,4000.0,1,"T","Parts per billion"
"Nitrogen dioxide (NO2)","42602","256","Continuous","Instrumental - Teledyne API - Model N500","Cavity-Attenuated Phase-Shift (CAPS) spectroscopy Nitrogen Oxides Analyzer","FEM","EQNA-0320-256","T-API N500 CAPS Nitrogen Oxides Analyzer",0.1,-5.0,500.0,1,"T","Parts per billion"
"Nitrogen dioxide (NO2)","42602","574","Continuous","Instrumental","Chemiluminescence Thermo Electron 42C-TL, 42i-TL","FRM","RFNA-1289-074","THERMO ENVIRON. INST. MODEL 42",0.05,-5.0,1000.0,1,"T","Parts per billion"
"Nitrogen dioxide (NO2)","42602","590","Continuous","Instrumental","Chemiluminescence Ecotech EC9841T","FRM","RFNA-1292-090","ECOTECH EC9841T",0.05,-5.0,2000.0,1,"T","Parts per billion"
"Nitrogen dioxide (NO2)","42602","599","Continuous","Instrumental","Chemiluminescence Teledyne API 200 EU/501","FRM","RFNA-1194-099","API MODEL 200A/E NO ANALYZER",0.05,-5.0,200.0,1,"T","Parts per billion"
"Ozone","44201","003","Continuous","INSTRUMENTAL","CHEMILUMINESCENCE","FRM","RFOA-1075-003","MELOY 0A325-2R",0.005,-0.004,0.5,3,"T","Parts per million"
"Ozone","44201","004","Continuous","INSTRUMENTAL","CHEMILUMINESCENCE","FRM","RFOA-1075-004","MELOY 0A350-2R",0.005,-0.004,0.5,3,"T","Parts per million"
"Ozone","44201","007","Continuous","INSTRUMENTAL","CHEMILUMINESCENCE","FRM","RFOA-0176-007","BENDIX 8002",0.005,-0.004,0.5,3,"T","Parts per million"
"Ozone","44201","011","Continuous","INSTRUMENTAL","CHEMILUMINESCENCE",,,,0.005,-0.004,0.5,3,"T","Parts per million"
"Ozone","44201","014","Continuous","INSTRUMENTAL","CHEMILUMINESCENCE","FRM","RFOA-1076-014","MCMILLAN 1100-1",0.005,-0.004,0.5,3,"T","Parts per million"
"Ozone","44201","015","Continuous","INSTRUMENTAL","CHEMILUMINESCENCE RHODAMINE B DYE","FRM","RFOA-1076-015","MCMILLAN 1100-2",0.005,-0.004,0.5,3,"T","Parts per million"
"Ozone","44201","016","Continuous","INSTRUMENTAL","CHEMILUMINESCENCE","FRM","RFOA-1076-016","MCMILLAN 1100-3",0.005,-0.004,0.5,3,"T","Parts per million"
"Ozone","44201","017","Continuous","INSTRUMENTAL","CHEMILUMINESCENCE","FRM","RFOA-1176-017","MONITOR LABS 8410E",0.005,-0.004,0.5,3,"T","Parts per million"
"Ozone","44201","019","Continuous","INSTRUMENTAL","ULTRA VIOLET","FEM","EQOA-0577-019","DASIBI 1003-AH--PC--RS",0.005,-0.004,0.5,3,"T","Parts per million"
"Ozone","44201","020","Continuous","INSTRUMENTAL","CHEMILUMINESCENCE","FRM","RFOA-0577-020","BECKMAN 950A",0.005,-0.004,0.5,3,"T","Parts per million"
"Ozone","44201","023","Continuous","INSTRUMENTAL","CHEMILUMINESCENCE RHODAMINE B DYE","FEM","EQOA-0777-023","PHILIPS PW9771",0.005,-0.004,0.5,3,"T","Parts per million"
"Ozone","44201","036","Continuous","INSTRUMENTAL","CHEMILUMINESCENCE","FRM","RFOA-0279-036","CSI 2000",0.005,-0.004,0.5,3,"T","Parts per million"
"Ozone","44201","047","Continuous","INSTRUMENTAL","ULTRA VIOLET","FEM","EQOA-0880-047","THERMO ELECTRON 49",0.005,-0.004,0.5,3,"T","Parts per million"
"Ozone","44201","053","Continuous","INSTRUMENTAL","ULTRA VIOLET","FEM","EQOA-0881-053","MONITOR LABS 8810",0.005,-0.004,0.5,3,"T","Parts per million"
"Ozone","44201","055","Continuous","INSTRUMENTAL","ULTRA VIOLET","FEM","EQOA-0382-055","PCI OZONE CORP. LC-12",0.005,-0.004,0.5,3,"T","Parts per million"
"Ozone","44201","056","Continuous","INSTRUMENTAL","ULTRA VIOLET","FEM","EQOA-0383-056","DASIBI 1008-AH",0.005,-0.004,0.5,3,"T","Parts per million"
"Ozone","44201","078","Continuous","INSTRUMENTAL","ULTRA VIOLET","FEM","EQOA-0990-078","ENVIRONICS SERIES 300",0.005,-0.004,0.5,3,"T","Parts per million"
"Ozone","44201","087","Continuous","INSTRUMENTAL","ULTRA VIOLET ABSORPTION","FEM","EQOA-0992-087","MODEL 400 OZONE ANALYZER",0.005,-0.004,0.5,3,"T","Parts per million"
"Ozone","44201","091","Continuous","INSTRUMENTAL","ULTRAVIOLET RADIATION ABSORBTN","FEM","EQOA-0193-091","LEAR SIEGLER ML9810",0.005,-0.004,0.5,3,"T","Parts per million"
"Ozone","44201","103","Continuous","INSTRUMENTAL","OPEN PATH O3 ANALYZER","FEM","EQOA-0495-103","OPSI MODEL AR 500 O3 ANALYZER",0.005,-0.004,0.5,3,"T","Parts per million"
"Ozone","44201","105","Continuous","INSTRUMENTAL","UV PHOTOMETRIC","FEM","EQOA-0895-105","ENVIRONMENT SA MODEL Q341M",0.005,-0.004,0.5,3,"T","Parts per million"
"Ozone","44201","112","Continuous","INSTRUMENTAL","ULTRAVIOLET ABSORPTION","FEM","EQOA-0196-112","HORIBA APOA-360",0.005,-0.004,0.5,3,"T","Parts per million"
"Ozone","44201","134","Continuous","Instrumental","Ultra Violet Photometry","FEM","EQOA-0200-134","DKK MDL GUX-113E",0.005,-0.004,0.5,3,"T","Parts per million"
"Ozone","44201","137","Continuous","Instrumental","Open Path o3 Analyzer","FEM","EQOA-0400-137","SANOA Longpath",0.005,-0.004,0.5,3,"T","Parts per million"
"Ozone","44201","148","Continuous","Instrumental","Ultra violet Photometric","FEM","EQOA-0206-148","Environnement S.A. Model O342M UV Ozone Analyzer",0.005,-0.004,0.5,3,"T","Parts per million"
"Ozone","44201","160","Continuous","INSTRUMENTAL","ULTRAVIOLET ABSORPTION","FEM","EQOA-0506-160","HORIBA APOA-370",0.005,-0.004,0.5,3,"T","Parts per million"
"Ozone","44201","161","Continuous","INSTRUMENTAL","ULTRAVIOLET ABSORPTION","FEM","EQOA-0506-161","Seres Model OZ 2000 G",0.005,-0.004,0.5,3,"T","Parts per million"
"Ozone","44201","164","Continuous","Instrumental","Photometric O3 Analyzer","FEM","EQOA-0207-164","SIR S A Model S-5014",0.005,-0.004,0.5,3,"T","Parts per million"
"Ozone","44201","165","Continuous","Instrumental","Ultraviolet Absorption","FEM","EQOA-0407-165","Tanabyte Models 722,723,724,725,726",0.005,-0.004,0.5,3,"T","Parts per million"
"Ozone","44201","169","Continuous","Instrumental","DKK-TOA Model GUX-313E","FEM","EQOA-1107-169","DKK-TOA Model GUX313E",0.005,-0.004,0.5,3,"T","Parts per million"
"Ozone","44201","187","Continuous","Instrumental","Ecotech Serinus 10","FEM","EQOA-0809-187","Ecotech Serinus 10 Ozone Analyzer",0.005,-0.004,0.5,3,"T","Parts per million"
"Ozone","44201","190","Continuous","Instrumental","UV absorption photometry/UV 2B model 202 and 205","FEM","EQOA-0410-190","2B Technologies Model 202 Ozone Monitor",0.003,-0.004,0.5,3,"T","Parts per million"
"Ozone","44201","199","Continuous","Instrumental","Chemiluminescence API Model 265E and T265","FEM","EQOA-0611-199","Teledyne API Model 265E and T265",0.0006,-0.004,0.5,3,"T","Parts per million"
"Ozone","44201","214","Continuous","INSTRUMENTAL","UV absorption photometry","FEM","EQOA-0410-214","Teledyne API Model T204",0.005,-0.004,0.5,3,"T","Parts per million"
"Ozone","44201","215","Continuous","INSTRUMENTAL","UV absorption photometry","FEM","EQOA-0410-215","2B Technologies Model 211",0.005,-0.004,0.5,3,"T","Parts per million"
"Ozone","44201","218","Continuous","INSTRUMENTAL","UV absorption photometry","FEM","EQOA-0410-218","2B Technologies Model 106-L or 106OEM-L",0.005,-0.004,0.5,3,"T","Parts per million"
"Ozone","44201","222","Continuous","INSTRUMENTAL","UV absorption photometry","FEM","EQOA-0415-222","Sutron Model 6030",0.005,-0.004,0.5,3,"T","Parts per million"
"Ozone","44201","225","Continuous","INSTRUMENTAL","UV absorption photometry","FEM","EQOA-0410-225","Environment S.A. Model 42e",0.005,-0.004,0.5,3,"T","Parts per million"
"Ozone","44201","227","Continuous","Instrumental","UV absorption photometry/2B Personal Ozone Monitor","FEM","EQOA-0815-227","2B Technologies POM",0.004,-0.004,0.5,3,"T","Parts per million"
"Ozone","44201","901","Continuous","Instrumental","Ultra Violet 2B Model 202",,,,0.0015,-0.004,0.5,4,"T","Parts per million"
"PM10 Total 0-10um STP","81102","001","Intermittent","LO-VOL-SA244E","GRAVIMETRIC",,,,1.0,0.0,5000.0,0,"T","Micrograms/cubic meter (25 C)"
"PM10 Total 0-10um STP","81102","002","Intermittent","LO-VOL-GMW9200","GRAVIMETRIC",,,,1.0,0.0,5000.0,0,"T","Micrograms/cubic meter (25 C)"
"PM10 Total 0-10um STP","81102","003","Intermittent","LO-VOL-WA10-DICHOT","GRAVIMETRIC",,,,1.0,0.0,5000.0,0,"T","Micrograms/cubic meter (25 C)"
"PM10 Total 0-10um STP","81102","004","Intermittent","LO-VOL-SA246B-DICHOT","GRAVIMETRIC",,,,1.0,0.0,5000.0,0,"T","Micrograms/cubic meter (25 C)"
"PM10 Total 0-10um STP","81102","011","Continuous","DUSTTRAK 8530","LIGHT-SCATTERING LASER PHOTOMETER",,,,0.001,0.0,400.0,2,"T","Micrograms/cubic meter (25 C)"
"PM10 Total 0-10um STP","81102","012","Continuous","DUSTTRAK 8533","LIGHT-SCATTERING LASER PHOTOMETER",,,,0.001,0.0,150.0,2,"T","Micrograms/cubic meter (25 C)"
"PM10 Total 0-10um STP","81102","025","Intermittent","MED-VOL-SA254","GRAVIMETRIC",,,,4.0,0.0,5000.0,0,"T","Micrograms/cubic meter (25 C)"
"PM10 Total 0-10um STP","81102","026","Intermittent","MED-VOL-GMW9100","GRAVIMETRIC",,,,4.0,0.0,5000.0,0,"T","Micrograms/cubic meter (25 C)"
"PM10 Total 0-10um STP","81102","040","Continuous","WEDDING-AUTOMATED-PM10 SAMPLER","BETA-GAUGE",,,,4.0,0.0,5000.0,0,"T","Micrograms/cubic meter (25 C)"
"PM10 Total 0-10um STP","81102","041","Continuous","BAM-102-CONTINUOUS MONITOR","BETA-ATTENUATION",,,,4.0,0.0,5000.0,0,"T","Micrograms/cubic meter (25 C)"
"PM10 Total 0-10um STP","81102","051","Intermittent","HI-VOL-SA321","GRAVIMETRIC",,,,4.0,0.0,5000.0,0,"T","Micrograms/cubic meter (25 C)"
"PM10 Total 0-10um STP","81102","052","Intermittent","HI-VOL-SA321A","GRAVIMETRIC",,,,4.0,0.0,5000.0,0,"T","Micrograms/cubic meter (25 C)"
"PM10 Total 0-10um STP","81102","053","Intermittent","HI-VOL-GMW9000","GRAVIMETRIC",,,,4.0,0.0,5000.0,0,"T","Micrograms/cubic meter (25 C)"
"PM10 Total 0-10um STP","81102","054","Intermittent","HI-VOL-W10","GRAVIMETRIC",,,,4.0,0.0,5000.0,0,"T","Micrograms/cubic meter (25 C)"
"PM10 Total 0-10um STP","81102","055","Intermittent","HI-VOL-W10-(W/MAINT.AC.PORT)","GRAVIMETRIC",,,,4.0,0.0,5000.0,0,"T","Micrograms/cubic meter (25 C)"
"PM10 Total 0-10um STP","81102","056","Intermittent","HI-VOL-SA321G-(321-W/OILSHIM)","GRAVIMETRIC",,,,4.0,0.0,5000.0,0,"T","Micrograms/cubic meter (25 C)"
"PM10 Total 0-10um STP","81102","057","Intermittent","HI-VOL-SA321AG(321A-W/OILSHIM)","GRAVIMETRIC",,,,4.0,0.0,5000.0,0,"T","Micrograms/cubic meter (25 C)"
"PM10 Total 0-10um STP","81102","058","Intermittent","HI-VOL-SA321B","GRAVIMETRIC",,,,4.0,0.0,5000.0,0,"T","Micrograms/cubic meter (25 C)"
"PM10 Total 0-10um STP","81102","059","Intermittent","HI-VOL-SA1200","GRAVIMETRIC",,,,4.0,0.0,5000.0,0,"T","Micrograms/cubic meter (25 C)"
"PM10 Total 0-10um STP","81102","062","Intermittent","HI-VOL-WEDDING-INLET","GRAVIMETRIC","FRM","RFPS-1087-062","WEDDING & ASSOC  HI-VOL",4.0,0.0,5000.0,0,"T","Micrograms/cubic meter (25 C)"
"PM10 Total 0-10um STP","81102","063","Intermittent","HI-VOL SA/GMW-1200","GRAVIMETRIC","FRM","RFPS-1287-063","GMW Model 1200",4.0,0.0,5000.0,0,"T","Micrograms/cubic meter (25 C)"
"PM10 Total 0-10um STP","81102","064","Intermittent","HI-VOL-SA/GMW-321-B","GRAVIMETRIC","FRM","RFPS-1287-064","SIERRA-ANDERSEN/GMW 321-B",4.0,0.0,5000.0,0,"T","Micrograms/cubic meter (25 C)"
"PM10 Total 0-10um STP","81102","065","Intermittent","HI-VOL-SA/GMW-321-C","GRAVIMETRIC","FRM","RFPS-1287-065","SIERRA-ANDERSEN/GMW 321-C",4.0,0.0,5000.0,0,"T","Micrograms/cubic meter (25 C)"
"PM10 Total 0-10um STP","81102","071","Intermittent","OREGON-DEQ-MED-VOL","GRAVIMETRIC-QUARTZ FILTERS","FRM","RFPS-0389-071","OREGON DEQ MED VOLUME SAMPLER",4.0,0.0,5000.0,0,"T","Micrograms/cubic meter (25 C)"
"PM10 Total 0-10um STP","81102","073","Intermittent","LO-VOL-DICHOTOMOUS-SA246B-INLT","GRAVIMETRIC","FRM","RFPS-0789-073","MODL SA241-SA241M-G241-ORG241M",4.0,0.0,5000.0,0,"T","Micrograms/cubic meter (25 C)"
"PM10 Total 0-10um STP","81102","076","Continuous","INSTRMENTL-ANDRSEN-SA246B-INLT","BETA-ATTENUATION","FEM","EQPM-0990-076","ANDERSEN MODEL FH62I-N PM10",4.0,-50.0,5000.0,0,"T","Micrograms/cubic meter (25 C)"
"PM10 Total 0-10um STP","81102","079","Continuous","INSTRUMENTAL-R&P SA246B-INLET","TEOM-GRAVIMETRIC","FEM","EQPM-1090-079","RUPRCHT&PATSHNCK TEOM SER 1400",-50.0,-50.0,13000.0,0,"T","Micrograms/cubic meter (25 C)"
"PM10 Total 0-10um STP","81102","081","Continuous","INSTRUMENTAL-WEDDING-AUTOMATIC","BETA-RAY-ATTENUATION","FEM","EQPM-0391-081","WEDDING & ASS. PM-10 AUTOMATED",-10.0,-10.0,5000.0,0,"T","Micrograms/cubic meter (25 C)"
"PM10 Total 0-10um STP","81102","098","Intermittent","R&P Model 2000 Partisol","GRAVIMETRIC","FRM","RFPS-0694-098","R & P PARTISOL 2000",4.0,0.0,5000.0,0,"T","Micrograms/cubic meter (25 C)"
"PM10 Total 0-10um STP","81102","122","Continuous","INSTRUMENT MET ONE 4 MODELS","BETA ATTENUATION","FEM","EQPM-0798-122","MODELS BAM 1020-GBAM 1020- ETC",4.0,-5.0,5000.0,0,"T","Micrograms/cubic meter (25 C)"
"PM10 Total 0-10um STP","81102","124","Intermittent","BGI Inc. Model PQ100 PM10","Gravimetric","FRM","RFPS-1298-124","BGI Model PQ100 PM10",4.0,0.0,5000.0,0,"T","Micrograms/cubic meter (25 C)"
"PM10 Total 0-10um STP","81102","125","Intermittent","BGI Inc. Model PQ200 PM10","Gravimetric","FRM","RFPS-1298-125","BGI Model PQ200 PM10",4.0,0.0,5000.0,0,"T","Micrograms/cubic meter (25 C)"
"PM10 Total 0-10um STP","81102","126","Intermittent","R - P Co Partisol Model 2000","Gravimetric","FRM","RFPS-1298-126","R - P Model 2000",4.0,0.0,5000.0,0,"T","Micrograms/cubic meter (25 C)"
"PM10 Total 0-10um STP","81102","127","Intermittent","R - P Co Partisol Model 2025","Gravimetric","FRM","RFPS-1298-127","R - P Model 2025",4.0,0.0,17000.0,0,"T","Micrograms/cubic meter (25 C)"
"PM10 Total 0-10um STP","81102","130","Intermittent","Andersen RAAS10-100 Single channel","Gravimetric","FRM","RFPS-0699-130","Andersen Model RAAS10-100 Single Channel",4.0,0.0,5000.0,0,"T","Micrograms/cubic meter (25 C)"
"PM10 Total 0-10um STP","81102","131","Intermittent","Andersen RAAS10-200 S-Channel","Gravimetric","FRM","RFPS-0699-131","Andersen Model RAAS10-200",4.0,0.0,5000.0,0,"T","Micrograms/cubic meter (25 C)"
"PM10 Total 0-10um STP","81102","132","Intermittent","Andersen RAAS10-300 M-channel","Gravimetric","FRM","RFPS-0699-132","Andersen Model RAAS10-300",4.0,0.0,5000.0,0,"T","Micrograms/cubic meter (25 C)"
"PM10 Total 0-10um STP","81102","141","Intermittent","Tisch Environ Model-6070 PM10 Hi-Vol","Gravimetric","FRM","RFPS-0202-141","Tisch Environ. Model TE-6060 Hi-Vol SSI",4.0,0.0,5000.0,0,"T","Micrograms/cubic meter (25 C)"
"PM10 Total 0-10um STP","81102","150","Continuous","T A Series FH 62 C14 Continuous","Beta Attenuation","FEM","EQPM-1102-150","Thermo Andersen FH 62 C14 Continuous",4.0,-50.0,5000.0,0,"T","Micrograms/cubic meter (25 C)"
"PM10 Total 0-10um STP","81102","151","Continuous","Environnement S.A. Model MP101M","Beta Attenuation","FEM","EQPM-0404-151","Environnement S.A. Model MP101M",4.0,-50.0,5000.0,0,"T","Micrograms/cubic meter (25 C)"
"PM10 Total 0-10um STP","81102","156","Continuous","Instrument DKK_TOA","Beta Attenuation","FEM","EQPM-0905-156","DKK_TOA Models FPM_222/222C, FPM223/223C, DUB-222(S)/223(S)",4.0,-50.0,5000.0,0,"T","Micrograms/cubic meter (25 C)"
"PM10 Total 0-10um STP","81102","162","Intermittent","Hi Vol SSI Ecotech Model 3000","Gravimetric","FRM","RFPS-0706-162","Ecotech Model 3000 PM10 Hi vol Sampler",4.0,0.0,5000.0,0,"T","Micrograms/cubic meter (25 C)"
"PM10 Total 0-10um STP","81102","193","Continuous","OPSIS Model SM200 PM10 Monitor","Beta Attenuation","FEM","EQPM-0810-193","OPSIS Model SM200",4.0,0.0,5000.0,0,"T","Micrograms/cubic meter (25 C)"
"PM10 Total 0-10um STP","81102","197","Intermittent","Thermo Partisol Model 2000-D Dichot","GRAVIMETRIC","FEM","EQPS-311-197",,4.0,0.0,5000.0,0,"T","Micrograms/cubic meter (25 C)"
"PM10 Total 0-10um STP","81102","198","Intermittent","Thermo Partisol Model 2025-D Dichot","GRAVIMETRIC","FEM","EQPS-0311-198",,4.0,0.0,5000.0,0,"T","Micrograms/cubic meter (25 C)"
"PM10 Total 0-10um STP","81102","205","Intermittent","AP 602 BAM","Gravimetric","FEM","EQPM-0912-205","T-API M602 Beta",4.0,-10.0,1500.0,1,"T","Micrograms/cubic meter (25 C)"
"PM10 Total 0-10um STP","81102","208","Continuous","Thermo Scientific 1405-DF Dichotomous TEOM FDMS","FDMS Gravimetric","FEM","EQPM-1013-208","Thermo Scientific 1405-DF FDMS Dichotomous FEM",2.0,-10.0,5000.0,1,"T","Micrograms/cubic meter (25 C)"
"PM10 Total 0-10um STP","81102","216","Intermittent","Tisch Model TE-Wilbur10 Low-Volume Sampler","Gravimetric","FRM","RFPS-0714-216","Tisch Model TE-Wilbur10",4.0,0.0,5000.0,0,"T","Micrograms/cubic meter (25 C)"
"PM10 Total 0-10um STP","81102","226","Continuous","Met One E-BAM PLUS","Beta Attenuation","FEM","EQPM-1215-226","Met One E-BAM PLUS PM10",10.0,-15.0,10000.0,0,"T","Micrograms/cubic meter (25 C)"
"PM10 Total 0-10um STP","81102","231","Intermittent","Met One E-FRM PM10","Gravimetric","FRM","RFPS-0216-231","Met One E-FRM PM10",4.0,0.0,5000.0,0,"T","Micrograms/cubic meter (25 C)"
"PM10 Total 0-10um STP","81102","239","Continuous","Teledyne API T640X at 16.67 LPM","Broadband spectroscopy","FEM","EQPM-0516-239","T-API T640X at 16.67 LPM",0.1,0.0,10000.0,1,"T","Micrograms/cubic meter (25 C)"
"PM10 Total 0-10um STP","81102","246","Intermittent","Met One E-SEQ-FRM","Gravimetric","FRM","RFPS-0717-246","Met One E-SEQ-FRM PM10",4.0,0.0,5000.0,0,"T","Micrograms/cubic meter (25 C)"
"PM10 Total 0-10um STP","81102","702","Intermittent","INTERIM PM10","GRAVIMETRIC",,,,4.0,0.0,5000.0,0,"T","Micrograms/cubic meter (25 C)"
"PM10 Total 0-10um STP","81102","771","Intermittent","INTERIM PM10","GRAVIMETRIC",,,,4.0,0.0,5000.0,0,"T","Micrograms/cubic meter (25 C)"
"PM10 Total 0-10um STP","81102","772","Intermittent","INTERIM PM10","GRAVIMETRIC",,,,4.0,0.0,5000.0,0,"T","Micrograms/cubic meter (25 C)"
"PM10 Total 0-10um STP","81102","773","Intermittent","LO-VOL-DICHOT-INTERIM","GRAVIMETRIC",,,,4.0,0.0,5000.0,0,"T","Micrograms/cubic meter (25 C)"
"PM10 Total 0-10um STP","81102","774","Intermittent","HI-VOL INTERIM 15 MICRON","GRAVIMETRIC",,,,4.0,0.0,5000.0,0,"T","Micrograms/cubic meter (25 C)"
"PM10 Total 0-10um STP","81102","790","Continuous","Virtual Impactor","FDMS-Gravimetric 1405-DF",,,,-10.0,-10.0,5000.0,1,"T","Micrograms/cubic meter (25 C)"
"PM10 Total 0-10um STP","81102","792","Continuous","Virtual Impactor","Gravimetric 1405-D",,,,-10.0,,,1,"T","Micrograms/cubic meter (25 C)"
"PM10 Total 0-10um STP","81102","879","Continuous","INSTRUMENTAL-R&P SA246B-Inlet (Tx Modification)","TEOM-GRAVIMETRIC w/Tx modification",,,,-50.0,-50.0,5000.0,0,"T","Micrograms/cubic meter (25 C)"
"PM10 Total 0-10um STP","81102","900","Intermittent","BGI Inc. frmOMNI at 5 lpm","Gravimetric",,,,4.0,0.0,5000.0,0,"T","Micrograms/cubic meter (25 C)"
"PM2.5 - Local Conditions","88101","116","Intermittent","BGI Model PQ200 PM2.5 Sampler w/WINS","GRAVIMETRIC","FRM","RFPS-0498-116","BGI INC Model PQ200 PM2.5",2.0,0.0,5000.0,1,"T","Micrograms/cubic meter (LC)"
"PM2.5 - Local Conditions","88101","117","Intermittent","R & P Model 2000 PM2.5 Sampler w/WINS","GRAVIMETRIC","FRM","RFPS-0498-117","R & P CO Model 2000 PM-2.5",2.0,0.0,5000.0,1,"T","Micrograms/cubic meter (LC)"
"PM2.5 - Local Conditions","88101","118","Intermittent","R & P Model 2025 PM2.5 Sequential w/WINS","GRAVIMETRIC","FRM","RFPS-0498-118","R & P CO PLUS MODEL 2025PM SEQ",2.0,0.0,5000.0,1,"T","Micrograms/cubic meter (LC)"
"PM2.5 - Local Conditions","88101","119","Intermittent","Andersen RAAS2.5-100 PM2.5 SAM w/WINS","GRAVIMETRIC","FRM","RFPS-0598-119","Andersen RAAS2.5-100 PM2.5 SAM",2.0,0.0,5000.0,1,"T","Micrograms/cubic meter (LC)"
"PM2.5 - Local Conditions","88101","120","Intermittent","Andersen RAAS2.5-300 PM2.5 SEQ w/WINS","GRAVIMETRIC","FRM","RFPS-0598-120","Andersen RAAS2.5-300 PM2.5 SEQ",2.0,0.0,5000.0,1,"T","Micrograms/cubic meter (LC)"
"PM2.5 - Local Conditions","88101","123","Intermittent","Thermo Env Model 605 CAPS","Gravimetric","FRM","RFPS-1098-123","THERMO ENVIR MODEL 605 CAPS",2.0,0.0,5000.0,1,"T","Micrograms/cubic meter (LC)"
"PM2.5 - Local Conditions","88101","128","Intermittent","Andersen RAAS2.5-2000PM2.5 Aud w/WINS","Gravimetric","FRM","RFPS-0299-128","Andersen RAAS2.5-200 PM2.5 Audit",2.0,0.0,5000.0,1,"T","Micrograms/cubic meter (LC)"
"PM2.5 - Local Conditions","88101","129","Intermittent","R & P Model 2000 PM-2.5 Audit w/WINS","GRAVIMETRIC","FRM","RFPS-0499-129","R & P CO Model 2000 PM-2.5 Audit",2.0,0.0,5000.0,1,"T","Micrograms/cubic meter (LC)"
"PM2.5 - Local Conditions","88101","135","Intermittent","URG-MASS100 Single PM2.5 Sampler","GRAVIMETRIC","FRM","RFPS-0400-135","URG MASS100 Single PM2.5 Sampler",2.0,0.0,5000.0,1,"T","Micrograms/cubic meter (LC)"
"PM2.5 - Local Conditions","88101","136","Intermittent","URG-MASS300 Sequential PM2.5 Sampler","GRAVIMETRIC","FRM","RFPS-0400-136","URG MASS300 Sequential PM2.5 Sampler",2.0,0.0,5000.0,1,"T","Micrograms/cubic meter (LC)"
"PM2.5 - Local Conditions","88101","142","Intermittent","BGI Models PQ200-VSCC or PQ200A-VSCC","Gravimetric","FRM","RFPS-1006-142","BGI Models PQ200-VSCC or PQ200A-VSCC",2.0,0.0,5000.0,1,"T","Micrograms/cubic meter (LC)"
"PM2.5 - Local Conditions","88101","143","Intermittent","R & P Model 2000 PM-2.5 Air Sampler w/VSCC","Gravimetric","FRM","RFPS-1006-143","R & P Model 2000 Air Sampler with BGI VSCC",2.0,0.0,5000.0,1,"T","Micrograms/cubic meter (LC)"
"PM2.5 - Local Conditions","88101","144","Intermittent","R & P Model 2000 PM-2.5 Audit Sampler w/VSCC","Gravimetric","FRM","RFPS-1006-144","R & P Model 2000 Audit Sampler with BGI VSCC",2.0,0.0,5000.0,1,"T","Micrograms/cubic meter (LC)"
"PM2.5 - Local Conditions","88101","145","Intermittent","R & P Model 2025 PM-2.5 Sequential Air Sampler w/VSCC","Gravimetric","FRM","RFPS-1006-145","R & P Model 2025 Sequential Air Sampler with BGI VSCC",2.0,0.0,5000.0,1,"T","Micrograms/cubic meter (LC)"
"PM2.5 - Local Conditions","88101","153","Intermittent","Thermo Electron Model RAAS2.5-100 w/VSCC","Gravimetric","FRM","RFPS-1006-153","Thermo Electron RAAS2.5-100 with BGI VSCC",2.0,0.0,5000.0,1,"T","Micrograms/cubic meter (LC)"
"PM2.5 - Local Conditions","88101","154","Intermittent","Thermo Electron Model RAAS2.5-200 Audit w/VSCC","Gravimetric","FRM","RFPS-10060154","Thermo Electron RAAS2.5-200 Audit with BGI VSCC",2.0,0.0,5000.0,1,"T","Micrograms/cubic meter (LC)"
"PM2.5 - Local Conditions","88101","155","Intermittent","Thermo Electron Model RAAS2.5-300 Sequential w/VSCC","Gravimetric","FRM","RFPS-1006-155","Thermo Electron RAAS2.5-300 Sequential with BGI VSCC",2.0,0.0,5000.0,1,"T","Micrograms/cubic meter (LC)"
"PM2.5 - Local Conditions","88101","170","Continuous","Met One BAM-1020 Mass Monitor w/VSCC","Beta Attenuation","FEM","EQPM-0308-170","Met One BAM-1020 PM2.5 VSCC FEM",5.0,-10.0,975.0,1,"T","Micrograms/cubic meter (LC)"
"PM2.5 - Local Conditions","88101","177","Intermittent","Thermo Scientific Partisol 2000-D Dichot.","Gravimetric","FEM","EQPS-0509-177","Thermo Scientific Partisol 2000-D Dichot.",2.0,0.0,5000.0,1,"T","Micrograms/cubic meter (LC)"
"PM2.5 - Local Conditions","88101","179","Intermittent","Thermo Scientific Dichot. Partisol-Plus Model 2025-D Seq","Gravimetric","FEM","EQPS-0509-179","Thermo Scientific Dichot.  Partisol-Plus Model 2025-D Seq",2.0,0.0,5000.0,1,"T","Micrograms/cubic meter (LC)"
"PM2.5 - Local Conditions","88101","181","Continuous","Thermo Scientific TEOM 1400 FDMS or 1405 8500C FDMS w/VSCC","FDMS Gravimetric","FEM","EQPM-0609-181","Thermo Scientific 1400a with Series 8500C FDMS VSCC FEM",2.0,-10.0,5000.0,1,"T","Micrograms/cubic meter (LC)"
"PM2.5 - Local Conditions","88101","182","Continuous","Thermo Scientific TEOM 1405-DF Dichotomous FDMS","FDMS Gravimetric","FEM","EQPM-0609-182","Thermo Scientific 1405-DF FDMS Dichotomous FEM",2.0,-10.0,5000.0,1,"T","Micrograms/cubic meter (LC)"
"PM2.5 - Local Conditions","88101","183","Continuous","Thermo Scientific 5014i or FH62C14-DHS w/VSCC","Beta Attenuation","FEM","EQPM-0609-183","Thermo Scientific 5014i or FH62C14-DHS VSCC FEM",2.0,-10.0,5000.0,1,"T","Micrograms/cubic meter (LC)"
"PM2.5 - Local Conditions","88101","184","Continuous","Thermo Scientific Model 5030 SHARP w/VSCC","Beta Attenuation","FEM","EQPM-0609-184","Thermo Scientific Model 5030 SHARP VSCC FEM",2.0,-10.0,5000.0,1,"T","Micrograms/cubic meter (LC)"
"PM2.5 - Local Conditions","88101","195","Continuous","GRIMM EDM Model 180 with naphion dryer","Laser Light Scattering","FEM","EQPM-0311-195","GRIMM EDM Model 180 for FEM",0.1,0.0,1500.0,1,"T","Micrograms/cubic meter (LC)"
"PM2.5 - Local Conditions","88101","203","Continuous","Opsis SM200-Dust Monitor w/VSCC","Beta Attenuation","FEM","EQPM-0812-203","Opsis SM200-Dust Monitor VSCC FEM",2.0,-10.0,1000.0,1,"T","Micrograms/cubic meter (LC)"
"PM2.5 - Local Conditions","88101","204","Continuous","Teledyne Model 602 Beta plus w/VSCC","Beta Attenuation","FEM","EQPM-0912-204","Teledyne Model 602 Beta plus VSCC FEM",2.0,-10.0,1500.0,1,"T","Micrograms/cubic meter (LC)"
"PM2.5 - Local Conditions","88101","209","Continuous","Met One BAM-1022 Mass Monitor w/ VSCC or TE-PM2.5C","Beta Attenuation","FEM","EQPM-1013-209","Met One BAM-1022 PM2.5 w/ VSCC or TE-PM2.5C FEM",5.0,-10.0,975.0,1,"T","Micrograms/cubic meter (LC)"
"PM2.5 - Local Conditions","88101","219","Intermittent","Tisch Model TE-Wilbur2.5 Low-Volume Sampler","Gravimetric","FRM","RFPS-1014-219","Tisch Model TE-Wilbur2.5",2.0,0.0,5000.0,1,"T","Micrograms/cubic meter (LC)"
"PM2.5 - Local Conditions","88101","221","Intermittent","Met One E-FRM PM2.5 with WINS","Gravimetric","FRM","RFPS-0315-221","Met One E-FRM PM2.5 with WINS",2.0,0.0,5000.0,1,"T","Micrograms/cubic meter (LC)"
"PM2.5 - Local Conditions","88101","235","Intermittent","Met One E-FRM PM2.5 with URG-2000-30EGN cyclone","Gravimetric","FEM","EQPS-0316-235","Met One E-FRM PM2.5 with URG-2000-30EGN cyclone",2.0,0.0,5000.0,1,"T","Micrograms/cubic meter (LC)"
"PM2.5 - Local Conditions","88101","236","Continuous","Teledyne T640 at 5.0 LPM","Broadband spectroscopy","FEM","EQPM-0516-236","T-API T640 at 5.0 LPM",0.1,0.0,10000.0,1,"T","Micrograms/cubic meter (LC)"
"PM2.5 - Local Conditions","88101","238","Continuous","Teledyne T640X at 16.67 LPM","Broadband spectroscopy","FEM","EQPM-0516-238","T-API T640X at 16.67 LPM",0.1,0.0,10000.0,1,"T","Micrograms/cubic meter (LC)"
"PM2.5 - Local Conditions","88101","245","Intermittent","Met One E-SEQ-FRM PM2.5 with WINS","Gravimetric","FRM","RFPS-0717-245","Met One E-SEQ-FRM PM2.5 with WINS",2.0,0.0,5000.0,1,"T","Micrograms/cubic meter (LC)"
"PM2.5 - Local Conditions","88101","521","Intermittent","Met One E-FRM PM2.5 with VSCC","Gravimetric","FRM","RFPS-0315-221","Met One E-FRM PM2.5 with VSCC",2.0,0.0,5000.0,1,"T","Micrograms/cubic meter (LC)"
"PM2.5 - Local Conditions","88101","545","Intermittent","Met One E-SEQ-FRM PM2.5 with VSCC","Gravimetric","FRM","RFPS-0717-245","Met One E-SEQ-FRM PM2.5 with VSCC",2.0,0.0,5000.0,1,"T","Micrograms/cubic meter (LC)"
"PM2.5 - Local Conditions","88101","581","Continuous","Thermo Scientific 1405-F FDMS w/VSCC","FDMS Gravimetric","FEM","EQPM-0609-181","Thermo Scientific 1405-F FDMS w/VSCC FEM",2.0,-10.0,5000.0,1,"T","Micrograms/cubic meter (LC)"
"Sulfur dioxide","42401","001","Intermittent","MANUAL","GENERIC METHOD CODE FOR GEMS/AIR",,,,2.0,-4.0,1500.0,1,"T","Parts per billion"
"Sulfur dioxide","42401","005","Continuous","INSTRUMENTAL","SEC DERIV SPECTROSCOPY","FEM","EQSA-1275-005","LEAR SIEGLER SM1000",2.0,-4.0,1500.0,1,"T","Parts per billion"
"Sulfur dioxide","42401","006","Continuous","INSTRUMENTAL","FLAME PHOTOMETRIC","FEM","EQSA-1275-006","MELOY SA185-2A",2.0,-4.0,1500.0,1,"T","Parts per billion"
"Sulfur dioxide","42401","009","Continuous","INSTRUMENTAL","PULSED FLUORESCENT","FEM","EQSA-0276-009","THERMO ELECTRON 43",2.0,-4.0,1500.0,1,"T","Parts per billion"
"Sulfur dioxide","42401","010","Continuous","INSTRUMENTAL","COULOMETRIC","FEM","EQSA 0676-010","PHILIPS PW9755",2.0,-4.0,1500.0,1,"T","Parts per billion"
"Sulfur dioxide","42401","011","Continuous","INSTRUMENTAL","WEST-GAEKE COLORIMETRIC",,,,10.0,-4.0,1500.0,1,"T","Parts per billion"
"Sulfur dioxide","42401","013","Continuous","INSTRUMENTAL","CONDUCTIMETRIC",,,,2.0,-4.0,1500.0,1,"T","Parts per billion"
"Sulfur dioxide","42401","014","Continuous","INSTRUMENTAL","COULOMETRIC",,,,2.0,-4.0,1500.0,1,"T","Parts per billion"
"Sulfur dioxide","42401","016","Continuous","INSTRUMENTAL","FLAME PHOTOMETRIC",,,,2.0,-4.0,1500.0,1,"T","Parts per billion"
"Sulfur dioxide","42401","018","Intermittent","WILSON-IMPINGR","HYDROGEN PEROXIDE NAOH TITRATION",,,,2.0,-4.0,1500.0,1,"T","Parts per billion"
"Sulfur dioxide","42401","019","Continuous","INSTRUMENTAL","CATALYST-FLAME PHOTOMETRIC",,,,1.0,-4.0,1500.0,1,"T","Parts per billion"
"Sulfur dioxide","42401","020","Continuous","INSTRUMENTAL","PULSED FLUORESCENT",,,,2.0,-4.0,1500.0,1,"T","Parts per billion"
"Sulfur dioxide","42401","021","Continuous","INSTRUMENTAL","SEC DERIV SPECTROSCOPY",,,,2.0,-4.0,1500.0,1,"T","Parts per billion"
"Sulfur dioxide","42401","022","Continuous","INSTRUMENTAL","CONDUCTANCE ASARCO",,,,2.0,-4.0,1500.0,1,"T","Parts per billion"
"Sulfur dioxide","42401","023","Continuous","INSTRUMENTAL","ULTRA VIOLET STIMULATED FLUORESCNC",,,,2.0,-4.0,1500.0,1,"T","Parts per billion"
"Sulfur dioxide","42401","024","Continuous","INSTRUMENTAL","CONDUCTANCE","FEM","EQSA-0877-024","ASARCO 500",2.0,-4.0,1500.0,1,"T","Parts per billion"
"Sulfur dioxide","42401","029","Continuous","INSTRUMENTAL","ULTRA VIOLET STIMULATED FLUORESCNC","FEM","EQSA-0678-029","BECKMAN 953",2.0,-4.0,1500.0,1,"T","Parts per billion"
"Sulfur dioxide","42401","030","Continuous","INSTRUMENTAL","FLAME PHOTOMETRIC","FEM","EQSA-1078-030","BENDIX 8303",2.0,-4.0,1500.0,1,"T","Parts per billion"
"Sulfur dioxide","42401","031","Continuous","INSTRUMENTAL","CHEMILUMINESCENCE",,,,2.0,-4.0,1500.0,1,"T","Parts per billion"
"Sulfur dioxide","42401","032","Continuous","INSTRUMENTAL","FLAME PHOTOMETRIC","FEM","EQSA-1078-032","MELOY SA285E",2.0,-4.0,1500.0,1,"T","Parts per billion"
"Sulfur dioxide","42401","033","Continuous","DAVIS-INST","SEQUENTIAL-CONDUCTIMETRIC",,,,10.0,-4.0,1500.0,1,"T","Parts per billion"
"Sulfur dioxide","42401","039","Continuous","INSTRUMENTAL","ULTRA VIOLET STIMULATED FLUORESCNC","FEM","EQSA-0779-039","MONITOR LABS 8850",2.0,-4.0,10000.0,1,"T","Parts per billion"
"Sulfur dioxide","42401","046","Continuous","INSTRUMENTAL","ULTRA VIOLET STIMULATED FLUORESCNC","FEM","EQSA-0580-046","MELOY SA700",2.0,-4.0,1500.0,1,"T","Parts per billion"
"Sulfur dioxide","42401","049","Continuous","INSTRUMENTAL","SEC DERIV SPECTROSCOPY","FEM","EQSA-1280-049","LEAR SIEGLER AM2020",2.0,-4.0,1500.0,1,"T","Parts per billion"
"Sulfur dioxide","42401","050","Intermittent","ANNULAR DIFFUSION DENUDER","ION CHROMATOGRAPH",,,,2.0,-4.0,1500.0,1,"T","Parts per billion"
"Sulfur dioxide","42401","059","Continuous","INSTRUMENTAL","PULSED FLUORESCENT",,,,2.0,-4.0,1500.0,1,"T","Parts per billion"
"Sulfur dioxide","42401","060","Continuous","INSTRUMENTAL","PULSED FLUORESCENT","FEM","EQSA-0486-060","THERMO ELECTRON 43A, 43B, 43C",2.0,-4.0,10000.0,1,"T","Parts per billion"
"Sulfur dioxide","42401","061","Continuous","INSTRUMENTAL","ULTRA VIOLET FLUORESCENCE","FEM","EQSA-1086-061","DASIBI 4108",2.0,-4.0,1500.0,1,"T","Parts per billion"
"Sulfur dioxide","42401","075","Continuous","INSTRUMENTAL","ULTRA VIOLET STIMULATED FLUORESCNC","FEM","EQSA-0390-075","MONITOR LABS 8850S",2.0,-4.0,1500.0,1,"T","Parts per billion"
"Sulfur dioxide","42401","077","Continuous","INSTRUMENTAL","FLUORESCENCE DETECTION","FEM","EQSA-0990-077","ADV POLL INST INC MODEL 100",2.0,-4.0,1500.0,1,"T","Parts per billion"
"Sulfur dioxide","42401","084","Continuous","INSTRUMENTAL","UV FLUORESCENCE","FEM","EQSA-0292-084","ENVIRON. SA MDL AF21M",2.0,-4.0,1500.0,1,"T","Parts per billion"
"Sulfur dioxide","42401","091","Intermittent","GAS-BUBBLER","PARAROSANILINE-SULFAMIC ACID",,,,2.0,-4.0,1500.0,1,"T","Parts per billion"
"Sulfur dioxide","42401","092","Continuous","AUTOMATED ANALYZER","ULTRAVIOLET FLUORESCENCE","FEM","EQAS-0193-092","MONITOR LABS 9850 & 9850B",2.0,-4.0,1500.0,1,"T","Parts per billion"
"Sulfur dioxide","42401","094","Intermittent","GAS-BUBBLER","HYDROGEN PEROXIDE",,,,2.0,-4.0,1500.0,1,"T","Parts per billion"
"Sulfur dioxide","42401","095","Intermittent","MANUAL","POLAROGRAPHIC",,,,2.0,-4.0,1500.0,1,"T","Parts per billion"
"Sulfur dioxide","42401","096","Intermittent","WILSON-IMPINGR","HYDROGEN PEROXIDE NAOH TITRATION",,,,2.0,-4.0,1500.0,1,"T","Parts per billion"
"Sulfur dioxide","42401","098","Intermittent","TGS METHOD ORIFICE","GAS BUBBLER",,,,2.0,-4.0,1500.0,1,"T","Parts per billion"
"Sulfur dioxide","42401","100","Continuous","INSTRUMENTAL","ULTRAVIOLET FLUORESCENCE","FEM","EQSA-0495-100","API MODEL 100 A SO2 ANALYZER",0.4,-4.0,1500.0,1,"T","Parts per billion"
"Sulfur dioxide","42401","101","Continuous","INSTRUMENTAL","OPEN PATH SO2 ANALYZER","FEM","EQSA-0495-101","OPSIS MODEL AR 500 SYSTEM",2.0,-4.0,1500.0,1,"T","Parts per billion"
"Sulfur dioxide","42401","114","Continuous","Instrumental","Pulsed UV Fluorescence","FEM","EQSA-0197-114","HORIBA APSA-360 OR APSA-360ACE",2.0,-4.0,1500.0,1,"T","Parts per billion"
"Sulfur dioxide","42401","115","Continuous","Instrumental","Ultraviolet Fluorescent Analyzer","FEM","EQSA-0701-115","DKK CORP MODEL GFS-32 AMB SO2",2.0,-4.0,1500.0,1,"T","Parts per billion"
"Sulfur dioxide","42401","133","Continuous","Instrumental","Ultra Violet Fluorescence","FEM","EQSA-0100-133","DKK MDl GFS-112E",2.0,-4.0,1500.0,1,"T","Parts per billion"
"Sulfur dioxide","42401","138","Continuous","Instrumental","Open Path SO2 Analyzer","FEM","EQOA-0400-138","SANOA Longpath",2.0,-4.0,1500.0,1,"T","Parts per billion"
"Sulfur dioxide","42401","149","Continuous","Instrumental","UV Fluorescence","FEM","EQOA-0802-149","Environnement S.A. AF22M SO2 Analyzer",2.0,-4.0,1500.0,1,"T","Parts per billion"
"Sulfur dioxide","42401","159","Continuous","Instrumental","Pulsed UV Fluorescence","FEM","EQSA-0506-159","HORIBA APSA-370",2.0,-4.0,1500.0,1,"T","Parts per billion"
"Sulfur dioxide","42401","166","Continuous","Instrumental","U V Fluorescence","FEM","EQSA-0507-166","SIR S A Model S-5001",2.0,-4.0,1500.0,1,"T","Parts per billion"
"Sulfur dioxide","42401","168","Continuous","Instrumental","DKK-TOA Corp ModelGFS-312E","FEM","EQSA-1107-168","DKK-TOA Model GFS-312E",2.0,-4.0,1500.0,1,"T","Parts per billion"
"Sulfur dioxide","42401","188","Continuous","Instrumental","Ecotech Serinus 50","FEM","EQSA-0809-188","Ecotech Serinus 50 SO2 Analyzer",2.0,-4.0,1500.0,1,"T","Parts per billion"
"Sulfur dioxide","42401","194","Continuous","Instrumental","SERES Model SF 2000 G - UV Fluorescence","FEM","EQSA-0810-194","SERES Model SF 2000 G Sulfur Dioxide Analyzer",2.0,-4.0,1500.0,1,"T","Parts per billion"
"Sulfur dioxide","42401","237","Continuous","Instrumental","Sutron or Sabio Model 6020 UV Fluorescence","FRM","RFSA-0616-237","Sutron or Sabio Model 6020 UV Fluorescence",0.3,-4.0,500.0,1,"T","Parts per billion"
"Sulfur dioxide","42401","511","Continuous","INSTRUMENTAL","COULOMETRIC","FEM","EQSA-0876-011","PHILIPS PW9700",2.0,-4.0,1500.0,1,"T","Parts per billion"
"Sulfur dioxide","42401","513","Continuous","INSTRUMENTAL","FLAME PHOTOMETRIC","FEM","EQSA-0876-013","MONITOR LABS 8450",2.0,-4.0,1500.0,1,"T","Parts per billion"
"Sulfur dioxide","42401","560","Continuous","INSTRUMENTAL","Pulsed Fluorescent 43C-TLE/43i-TLE","FEM","EQSA-0486-060","Thermo Electron 43c-TLE/43i-TLE",0.2,-4.0,1500.0,1,"T","Parts per billion"
"Sulfur dioxide","42401","592","Continuous","Instrumental","Ultraviolet Fluorescence EC9850T","FEM","EQSA-0193-092","Ecotech EC9850T",0.2,-4.0,1500.0,1,"T","Parts per billion"
"Sulfur dioxide","42401","600","Continuous","Instrumental","Ultraviolet Fluorescence API 100 EU","FEM","EQSA-0495-100","Teledyne API 100 EU",0.2,-4.0,1500.0,1,"T","Parts per billion"
"Sulfur dioxide","42401","801","Intermittent","GAS-BUBBLER","PARAROSANILINE-SULFAMIS TEMP. CONT",,,,2.0,-4.0,1500.0,1,"T","Parts per billion"
"Sulfur dioxide","42401","811","Intermittent","IMPROVE Module D with Cyclone Inlet-Quartz Filter, 2.2 sq. cm.","Ion Chromatography",,,,2.0,-4.0,1500.0,1,"T","Parts per billion"
"Sulfur dioxide","42401","850","Intermittent","RP Partisol Model 2300 PM2.5 Seq SSampler-#","CALCULATED",,,,2.0,-4.0,1500.0,1,"T","Parts per billion"
"Sulfur dioxide","42401","900","Intermittent","Cellulose & Nylon CASTNET-style 3-stage filter pack","Ion Chromatography EPA Mehtod 300.0",,,,0.026,-4.0,1500.0,3,"T","Parts per billion"
